Capitulo;Item;Cantidad;Unidad;Criterio;Detalle
"1. Fundación";"Hormigón H-21 (platea + viga de borde)";"3,59";"m³";"ESTANDAR";"platea 4.7x3.7x0,12 = 2.09 m³ + viga de borde 25x38 bajo platea (15.8 ml) = 1.5 m³"
"1. Fundación";"Malla electrosoldada Q188";"2";"paños";"ESTANDAR";"Malla Q188 (2,40x6,00)"
"1. Fundación";"Hierro Ø10 (barras de 12 m)";"6";"barras";"ESTANDAR";"Viga de borde: 4 Ø10 + estribos Ø6 c/20"
"1. Fundación";"Poliestireno expandido 20 kg/m³ 50 mm bajo platea y perimetral";"22,13";"m²";"ESTANDAR";"bajo platea + perimetral vertical"
"1. Fundación";"Film polietileno 200 µm bajo platea";"20";"m²";"ESTANDAR";""
"1. Fundación";"Anclajes de solera a platea";"27";"u";"ESTANDAR";"Anclajes químicos/varilla roscada Ø10 c/60 cm para soleras"
"1. Fundación";"Zócalo de chapa lisa plegada negra (protege EPS perimetral)";"17,19";"ml";"DURABLE";""
"2. Estructura de madera";"Pino 2x6";"128";"piezas";"ESTANDAR";"109 x 3.05 m + 7 x 4.27 m + 12 x 4.88 m · 226 cortes · 360.01 ml netos / 420.9 ml comprados (desperdicio 14%)"
"2. Estructura de madera";"Pino 2x8";"39";"piezas";"ESTANDAR";"30 x 3.05 m + 7 x 3.66 m + 2 x 4.88 m · 53 cortes · 117.64 ml netos / 126.88 ml comprados (desperdicio 7%)"
"2. Estructura de madera";"Pino 2x3";"16";"piezas";"ESTANDAR";"16 x 3.05 m · 21 cortes · 36.96 ml netos / 48.8 ml comprados (desperdicio 24%)"
"2. Estructura de madera";"Pino 2x2";"10";"piezas";"ESTANDAR";"10 x 5.49 m · 10 cortes · 53.97 ml netos / 54.9 ml comprados (desperdicio 2%)"
"2. Estructura de madera";"Pino 1x2";"18";"piezas";"ESTANDAR";"18 x 3.05 m · 18 cortes · 46.6 ml netos / 54.9 ml comprados (desperdicio 15%)"
"2. Estructura de madera";"Pino 1x8";"2";"piezas";"ESTANDAR";"2 x 5.49 m · 2 cortes · 10.79 ml netos / 10.98 ml comprados (desperdicio 2%)"
"2. Estructura de madera";"Viga laminada de pino 90x300 — cumbrera (a verificar por calculista)";"1";"u";"DURABLE";"L = 4.68 m"
"2. Estructura de madera";"Fleje de arriostramiento galvanizado";"2";"u";"DURABLE";"Fleje 50x1,25 mm en franja de registros (servicios PB)"
"2. Estructura de madera";"Conectores metálicos galvanizados";"38";"u";"DURABLE";"Estribos/colgadores para cabios en cumbrera + escuadras"
"2. Estructura de madera";"Clavos y tornillos estructurales";"12";"kg";"DURABLE";"Clavos espiralados 3½"" y 2½"" + tornillos estructurales"
"3. Placas OSB";"OSB 11,1 mm 1,22x2,44 — arriostramiento exterior";"35";"placas";"ESTANDAR";"42 piezas (8 enteras) · 77.03 m² netos · aprovechamiento 74%"
"3. Placas OSB";"OSB 18 mm machihembrado 1,22x2,44 — piso planta alta";"6";"placas";"ESTANDAR";"7 piezas (2 enteras) · 14.59 m² netos · aprovechamiento 82%"
"4. Placas interiores";"Placa de yeso estándar 12,5 mm 1,20x2,40 (Durlock ST)";"40";"placas";"ESTANDAR";"54 piezas (3 enteras) · 88.27 m² netos · aprovechamiento 77%"
"4. Placas interiores";"Placa cementicia 10 mm 1,20x2,40 (tipo Superboard) — box de ducha";"4";"placas";"DURABLE";"4 piezas (0 enteras) · 6.71 m² netos · aprovechamiento 58%"
"4. Placas interiores";"Placa de yeso resistente a la humedad 12,5 mm 1,20x2,40 (Durlock RH, verde)";"7";"placas";"DURABLE";"8 piezas (1 enteras) · 15.15 m² netos · aprovechamiento 75%"
"4. Placas interiores";"Perfiles omega galvanizados 2,60 m";"96";"perfiles";"ESTANDAR";"Listones/omegas 35 mm para cielorrasos y nivelación (estimado)"
"4. Placas interiores";"Tornillos para placa de yeso (madera) 6x1¼""";"3";"cajas x1000";"ESTANDAR";"25 tornillos T2 por m²"
"4. Placas interiores";"Masilla de juntas lista para usar";"3";"baldes 32 kg";"ESTANDAR";"0,9 kg/m²"
"4. Placas interiores";"Cinta de papel para juntas";"2";"rollos 150 m";"ESTANDAR";"1,6 ml/m²"
"4. Placas interiores";"Cantonera metálica";"30";"ml";"ESTANDAR";"aristas de aberturas y escalera"
"5. Aislaciones y barreras";"Lana de vidrio 150 mm (rollo, sin foil) — muros y techo";"93,95";"m²";"ESTANDAR";"muros 77.03 m² + techo 16.92 m²"
"5. Aislaciones y barreras";"Barrera de vapor polietileno 200 µm (cara interior)";"105,22";"m²";"ESTANDAR";"con solapes 10 cm + cinta"
"5. Aislaciones y barreras";"Barrera hidrófuga respirable (permeable al vapor) tipo Tyvek HomeWrap / LP HouseWrap, solapes 15 cm encintados";"88,59";"m²";"ESTANDAR";"sobre el OSB de muros, solapes 15 cm, encintada"
"5. Aislaciones y barreras";"Manta bajo chapa de polipropileno no tejido (tipo Wichi Roofing 80 g/m²)";"23,34";"m²";"ESTANDAR";"sobre cabios, bajo contraclavaderas (incluye aleros)"
"6. Revestimiento exterior y cubierta";"Chapa trapezoidal T-101 prepintada C25 — gris grafito, colocación vertical";"37,25";"ml";"DURABLE";"10 hojas T-101 (ancho útil 1,00): 5 x 4,45 m + 5 x 3,00 m"
"6. Revestimiento exterior y cubierta";"Chapa trapezoidal T-101 prepintada C25 — negra, techo";"33";"ml";"DURABLE";"12 hojas T-101: 12 x 2,75 m"
"6. Revestimiento exterior y cubierta";"Tornillos autoperforantes p/chapa";"339";"u";"DURABLE";"Autoperforantes 14x1"" con arandela EPDM"
"6. Revestimiento exterior y cubierta";"Siding cementicio texturado símil madera 8 mm, pintado ""roble"" (fachada frente)";"39,79";"m²";"DURABLE";"198.97 ml de tabla → 61 tablas de 3,60 m"
"6. Revestimiento exterior y cubierta";"Cassette de registro: fibrocemento 10 mm pintado + bastidor + burlete EPDM, tornillos inox";"4";"u";"DURABLE";"R1..R4 de 1,20 x 1,45 (OSB + fibrocemento + burlete), 10 tornillos inox c/u"
"6. Revestimiento exterior y cubierta";"Clavaderas 1x2 fachada";"46";"piezas 3,05";"ESTANDAR";"Clavaderas horizontales de fachada @60 cm"
"6. Revestimiento exterior y cubierta";"Zinguería chapa prepintada negra (cumbrera, babetas, cenefas, cupertinas)";"55,52";"ml";"DURABLE";"cumbrera 5.4 + frentines hastial 10.53 + frentines alero 10.79 + esquineros 4x4,5 + babeta registros + cupertinas/babetas aberturas"
"6. Revestimiento exterior y cubierta";"Canaleta y bajada chapa prepintada negra 15 cm";"20,79";"ml";"DURABLE";"2 canaletas + 2 bajadas"
"6. Revestimiento exterior y cubierta";"Cielorraso de alero: fibrocemento 6 mm ventilado, pintado gris oscuro";"4,32";"m²";"ESTANDAR";""
"6. Revestimiento exterior y cubierta";"Visera de entrada: chapa plegada negra sobre ménsulas de planchuela";"1";"u";"ESTANDAR";""
"6. Revestimiento exterior y cubierta";"Deck de acceso pino impregnado CCA 1x4 sobre tirantes 2x4 (con lasur)";"2,88";"m²";"ESTANDAR";"deck de acceso 120x240 (12 tablas 1x4 x 2,44 + 3 tirantes 2x4 x 1,22)"
"7. Aberturas";"P1: Puerta exterior chapa inyectada con poliuretano 80x200, cerradura de seguridad, color ocre";"1";"u";"DURABLE";"P1 — Puerta de entrada — vano 90x212 cm"
"7. Aberturas";"V1: Ventana PVC (perfil 60 mm) exterior foliado antracita / interior blanco, DVH 4/12/4";"1";"u";"DURABLE";"V1 — Ventanal estar-comedor — vano 160x115 cm (1 paño fijo + 1 oscilobatiente)"
"7. Aberturas";"V3: Ventana PVC (perfil 60 mm) exterior foliado antracita / interior blanco, DVH 4/12/4";"1";"u";"DURABLE";"V3 — Ventiluz baño — vano 50x50 cm (oscilobatiente)"
"7. Aberturas";"V4: Ventana PVC (perfil 60 mm) exterior foliado antracita / interior blanco, DVH 4/12/4";"1";"u";"DURABLE";"V4 — Ventana dormitorio frente (escritorio) — vano 120x110 cm (1 paño fijo + 1 oscilobatiente)"
"7. Aberturas";"V5: Ventana PVC (perfil 60 mm) exterior foliado antracita / interior blanco, DVH 4/12/4";"1";"u";"DURABLE";"V5 — Ventana dormitorio fondo (sobre la cama) — vano 120x110 cm (1 paño fijo + 1 oscilobatiente)"
"7. Aberturas";"P2: Puerta placa interior 70x200 MDF pintada blanca, marco chapa N°18";"1";"u";"ECONOMICO";"P2 — Puerta baño — vano 75x205 cm"
"7. Aberturas";"Cortina roller blackout estándar (reemplazable)";"4";"u";"ECONOMICO";"V1, V2, V4, V5"
"8. Escalera";"Lenga maciza 38 mm (huellas) con nariz antideslizante — madera local dura";"3,27";"m²";"DURABLE";"13 huellas (10 rectas 27x81 + 3 compensadas) · alzada 18.8 cm · huella 24 cm · 2a+h = 0.62 m"
"8. Escalera";"Zancas de pino laminado 45x240";"6,8";"ml";"ESTANDAR";""
"8. Escalera";"Pasamanos de lenga 45x45 barnizado";"6,3";"ml";"DURABLE";""
"8. Escalera";"Baranda de hierro (planchuela 38x6 + barrotes Ø12) pintada negro satinado";"6,3";"ml";"DURABLE";"baranda escalera + baranda de hueco PA, barrotes c/11 cm"
"8. Escalera";"Postes de lenga";"1";"u";"DURABLE";"Poste de giro 90x90 L=3,60 + poste de arranque 70x70"
"9. Pisos y revestimientos";"Porcelanato 60x60 símil cemento gris claro, rectificado, PEI IV";"15,82";"m²";"DURABLE";"48 piezas en planta (35 enteras + 13 cortadas) + 8% reposición"
"9. Pisos y revestimientos";"Piso SPC (vinílico rígido) 5 mm símil roble claro, click, uso comercial";"13,04";"m²";"DURABLE";"12.18 m² netos + 7%"
"9. Pisos y revestimientos";"Revestimiento cerámico 30x60 blanco mate (box ducha hasta 2,10 m)";"6,7";"m²";"DURABLE";"44 piezas 30x60 en planta"
"9. Pisos y revestimientos";"Revestimiento cerámico 7,5x15 ""subway"" blanco brillante (frente de mesada)";"1,09";"m²";"DURABLE";""
"9. Pisos y revestimientos";"Zócalo MDF hidrófugo 7 cm pintado blanco";"36,88";"ml";"ECONOMICO";""
"9. Pisos y revestimientos";"Adhesivo porcelanato";"4";"bolsas 30 kg";"DURABLE";"Adhesivo para porcelanato"
"10. Pintura";"Látex interior lavable — Blanco cálido (paredes y cielorrasos)";"80,77";"m²";"ECONOMICO";"Blanco cálido — 2 manos (17 l aprox.)"
"10. Pintura";"Látex interior lavable — Verde salvia (pared de respaldo planta alta)";"7,5";"m²";"ECONOMICO";"Verde salvia — 2 manos (2 l aprox.)"
"10. Pintura";"Látex antihongo — Blanco (baño)";"9,55";"m²";"ECONOMICO";"Látex antihongo — 2 manos (2 l aprox.)"
"10. Pintura";"Fijador y enduido";"1";"jgo";"ECONOMICO";"Sellador/fijador al agua + enduido de terminación"
"11. Equipamiento";"Bacha simple acero inoxidable 52x37";"1";"u";"DURABLE";""
"11. Equipamiento";"Cocina a gas 51 cm 4 hornallas con horno, encendido y válvula de seguridad";"1";"u";"ESTANDAR";""
"11. Equipamiento";"Heladera con freezer 56 cm (~250 l) — la provee el propietario";"1";"u";"ESTANDAR";""
"11. Equipamiento";"Conexión lavarropas carga frontal 60 cm bajo mesada (canilla + desagüe con sifón + toma)";"1";"u";"ESTANDAR";""
"11. Equipamiento";"Purificador/campana 60 cm";"1";"u";"ECONOMICO";""
"11. Equipamiento";"Grifería monocomando de mesada pico alto (FV o similar, cuerpo de bronce)";"1";"u";"DURABLE";""
"11. Equipamiento";"Inodoro largo con mochila apoyada (loza blanca, línea económica de marca)";"1";"u";"DURABLE";""
"11. Equipamiento";"Lavatorio de colgar 45 cm loza blanca con columna corta/ménsulas";"1";"u";"DURABLE";""
"11. Equipamiento";"Receptáculo de ducha 80x120 acrílico reforzado";"1";"u";"DURABLE";""
"11. Equipamiento";"Grifería monocomando lavatorio + mezcladora ducha (FV o similar, cuerpo bronce)";"1";"u";"DURABLE";""
"11. Equipamiento";"Barral inox + cortina de baño (reemplazable)";"1";"u";"ECONOMICO";""
"11. Equipamiento";"Botiquín con espejo 45x60";"1";"u";"ECONOMICO";""
"11. Equipamiento";"Accesorios de baño acero inox (toallero, portarrollo, percha)";"1";"jgo";"DURABLE";""
"11. Equipamiento";"Termotanque eléctrico 50 l (2 kW) de colgar";"1";"u";"ESTANDAR";""
"11. Equipamiento";"Calefactor tiro balanceado 3000 kcal/h (≈3,5 kW), válvula de seguridad";"1";"u";"DURABLE";""
"11. Equipamiento";"Tablero metálico de embutir 12 módulos: ID 2x40 A 30 mA + 4 PIA (C 10/16 A), barra PE";"1";"u";"DURABLE";""
"11. Equipamiento";"Muebles melamina 18 mm blanca, canto ABS, bisagras cierre suave (estándar comercial)";"1";"jgo";"ECONOMICO";"Bajomesada 60 + alacena 80 + módulo 56 s/heladera (muebles estándar de línea)"
"11. Equipamiento";"Mesada granito Gris Mara 20 mm con zócalo";"1,2";"ml";"DURABLE";"con calado de bacha y zócalo"
"12. Agua";"Termofusión PPR 20 mm (agua fría)";"10,71";"ml";"DURABLE";"9.74 ml en modelo + 10% · 12 codos/curvas"
"12-14. Llaves";"Llave de paso esférica (agua) / llave de gas aprobada";"9";"u";"DURABLE";"Llave de paso GENERAL (accesible por registro R3) · Llave de paso AF cocina (registro R2) · Llave de paso AF baño (registro R3) · Canilla de servicio lavarropas (sobre mesada, accesible desde alacena) · Llave de paso AC cocina (registro R2) · Llave de paso AC baño (registro R4) · Llave de corte gas en ingreso (registro R2) · Llave de paso cocina (detrás de la cocina, lado derecho; corte general en R3) · Llave de paso calefactor"
"12. Agua";"Termofusión PPR 20 mm PN20 (agua caliente) + vaina aislante";"6";"ml";"DURABLE";"5.45 ml en modelo + 10% · 7 codos/curvas"
"13. Desagües";"PVC 3,2 mm Ø50 / Ø40 desagües secundarios";"7,11";"ml";"ESTANDAR";"6.46 ml en modelo + 10% · 8 codos/curvas"
"13. Desagües";"PVC 3,2 mm Ø110 desagüe cloacal";"6,04";"ml";"ESTANDAR";"5.49 ml en modelo + 10% · 1 codos/curvas"
"13. Desagües";"PVC 3,2 mm Ø63 / ventilación";"8,07";"ml";"ESTANDAR";"7.33 ml en modelo + 10% · 2 codos/curvas"
"14. Gas";"Gas: termofusión PE-AL-PE aprobado (tipo Sigas) Ø20/25";"7,12";"ml";"DURABLE";"6.47 ml en modelo + 10% · 6 codos/curvas"
"13. Desagües";"Cámara de inspección 60x60 premoldeada con tapa";"1";"u";"ESTANDAR";"CI 60x60 + boca de acceso 30x30 cocina + pileta de patio Ø63 baño"
"14. Gas";"Rejilla de ventilación de gas reglamentaria 15x15 (alta y baja)";"2";"u";"ESTANDAR";"alta y baja (cocina)"
"15. Electricidad";"Caja rectangular 5x10 de acero semipesado IRAM 62005 (tomas y llaves), puesta a tierra";"26";"u";"ESTANDAR";"S1, LE1, S5, LB, S2, LK, LE2, TC, T1, T2, TB1, TK4, TK1, TK3, TK5, TT, D2, S4, A1, A2, T3, T4, T6, T7, D1, DX"
"15. Electricidad";"Caja octogonal grande de acero semipesado IRAM 62005 (centros y derivaciones)";"6";"u";"ESTANDAR";"L3, L6, L2, L1, L4, L5"
"15. Electricidad";"Caja cuadrada 10x10 de acero (derivación)";"1";"u";"ESTANDAR";"CP (acometida)"
"15. Electricidad";"Caño de acero semipesado RS 19 (3/4"") roscado";"37";"tiras de 3 m";"DURABLE";"RS 19 (3/4""): 99.62 ml en modelo + 10%"
"15. Electricidad";"Caño de acero semipesado RS 32 (1¼"") roscado";"2";"tiras de 3 m";"DURABLE";"RS 32 (1¼""): 4.76 ml en modelo + 10%"
"15. Electricidad";"Curvas de acero semipesado";"76";"u";"DURABLE";"curvas a 90° de acero roscadas (según planilla) + 10 de reserva"
"15. Electricidad";"Cuplas, tuercas y boquillas de acero";"86";"u";"DURABLE";"cuplas, tuercas y boquillas"
"15. Electricidad";"Cable IRAM NM 247-3 1.5 mm² celeste";"44";"ml";"ESTANDAR";"suma de tramos + 30 cm por caja + 10%"
"15. Electricidad";"Cable IRAM NM 247-3 1.5 mm² gris";"19";"ml";"ESTANDAR";"suma de tramos + 30 cm por caja + 10%"
"15. Electricidad";"Cable IRAM NM 247-3 1.5 mm² marrón";"34";"ml";"ESTANDAR";"suma de tramos + 30 cm por caja + 10%"
"15. Electricidad";"Cable IRAM NM 247-3 1.5 mm² negro";"54";"ml";"ESTANDAR";"suma de tramos + 30 cm por caja + 10%"
"15. Electricidad";"Cable IRAM NM 247-3 2.5 mm² celeste";"56";"ml";"ESTANDAR";"suma de tramos + 30 cm por caja + 10%"
"15. Electricidad";"Cable IRAM NM 247-3 2.5 mm² marrón";"56";"ml";"ESTANDAR";"suma de tramos + 30 cm por caja + 10%"
"15. Electricidad";"Cable IRAM NM 247-3 2.5 mm² verde-amarillo";"109";"ml";"ESTANDAR";"suma de tramos + 30 cm por caja + 10%"
"15. Electricidad";"Cable IRAM NM 247-3 6 mm² celeste";"9";"ml";"ESTANDAR";"suma de tramos + 30 cm por caja + 10%"
"15. Electricidad";"Cable IRAM NM 247-3 6 mm² marrón";"9";"ml";"ESTANDAR";"suma de tramos + 30 cm por caja + 10%"
"15. Electricidad";"Cable IRAM NM 247-3 6 mm² verde-amarillo";"9";"ml";"ESTANDAR";"suma de tramos + 30 cm por caja + 10%"
"15. Electricidad";"Cableado de datos/TV";"14";"ml";"ESTANDAR";"UTP cat. 6 + coaxil RG6 + fibra drop hasta el router"
"15. Electricidad";"Luminarias LED (plafones, apliques) línea económica";"12";"u";"ECONOMICO";"LE1, L3, L6, LB, L2, L1, LK, LE2, L4, L5, A1, A2"
"15. Electricidad";"Llaves y tomas (línea estándar blanca)";"16";"u";"ESTANDAR";"tomas 2x10+T con obturador (IRAM 2071) y llaves de 1, 2 y 4 módulos, combinación"
"16. Amoblamiento";"Sommier + colchón 1 plaza 80x190 (x2, se unen en 160x190)";"2";"u";"ECONOMICO";"2 camas de 1 plaza que se unen en 160x190 (pareja o dos personas)"
"16. Amoblamiento";"Respaldo tapizado 164x105 (une las dos camas)";"1";"u";"ECONOMICO";""
"16. Amoblamiento";"Placard melamina 150x60x200 puertas corredizas (estándar comercial)";"1";"u";"ECONOMICO";""
"16. Amoblamiento";"Escritorio melamina 120x55 roble claro";"1";"u";"ECONOMICO";""
"16. Amoblamiento";"Mesa de comedor 72x65 madera (para 2, ampliable a 4 con sillas plegables)";"1";"u";"ECONOMICO";""
"16. Amoblamiento";"Sillón 2 cuerpos 140x66 tapizado lavable (bajo la escalera)";"1";"u";"ECONOMICO";""
"16. Amoblamiento";"Soporte articulado para TV 32""";"1";"u";"ECONOMICO";""
"16. Amoblamiento";"Mesa de luz / estante flotante melamina";"3";"u";"ECONOMICO";"2 mesas de luz + mesa auxiliar del estar"
"16. Amoblamiento";"Silla de comedor de madera/metal (estándar)";"3";"u";"ECONOMICO";"2 sillas de comedor + 1 silla de escritorio"
"16. Amoblamiento";"Textiles (almohadones/cubrecama) mostaza — reemplazables";"1";"jgo";"ECONOMICO";"acolchados, almohadones (fundas lavables)"