id,oportunidad,sector,activo,maniobra_cara_evitada,costo_maniobra_y_parada,fuentes_costo,quien_lo_hace,tipo_actor,senales_validacion,fuentes_validacion,modelo_negocio,competencia_latam,ajuste_capacidades,p_ahorro,p_validacion,p_hueco_latam,p_ajuste,p_factibilidad,total,notas
REF,"Inspección rotor-in de turbogeneradores (producto actual, GRIS)",Generación térmica/nuclear,Turbogenerador (entrehierro estator-rotor),Extracción del rotor,[V] Rotor-out hasta USD 500.000 en generadores grandes; robótica hasta 75 % más barata. [V/F] 34 días con rotor extraído vs 6 días con robot (Mitsubishi); ~1 mes vs ~12 días (Toshiba),https://eprijournal.com/robotics-in-power-plants-getting-smaller-smarter/ ; https://www.mitsubishielectric.com/en/pr/pdf/2017/0125.pdf ; https://www.global.toshiba/ww/news/energy/2022/10/news-20221012-01.html,"GE Vernova (MAGIC), Siemens Energy (AirGapCrawler), Mitsubishi Electric (GenSPIDER), Toshiba, ABB (Air Gap Inspector), MD&A (Air Gap-Bot / Nova GenEX), Iris Power-Qualitrol (RIV802), Brush/DEKRA, Ansaldo",OEM + independientes de servicio,"[V] EPRI 3002013612 (2018); encuesta EPRI: 82 % de >30 utilities hizo inspección robótica; ≥9 fabricantes; patentes GE US5650579/7201055/7555966, Siemens US12015839, GE/Siemens US10434641",https://eprijournal.com/robotics-in-power-plants-getting-smaller-smarter/ ; https://patents.google.com/patent/US12015839B2/en,"Servicio (OEM) y venta de equipo (Iris RIV802, Nova GenEX)",Alta: OEM con talleres regionales; MD&A con sitio en español [V],Total (es GRIS),5,5,2,5,5,22,Línea base de comparación; no cuenta como producto nuevo en el ranking.
O01,Visual + ELCID + cuñas rotor-in en motores sincrónicos grandes y motores anillo de molinos (GMD),Minería (cobre) / industria,Motor anillo GMD de molino SAG/bolas; motores sincrónicos > 5 MW,Extracción de rotor o desplazamiento del estator a posición de mantenimiento; detención del molino,"[V] Lucro cesante de un molino GMD de 60.000 t/d: USD 4 M a >7 M por día (ABB+Zurich). [V] Antapaccay (Perú): >USD 100.000 por hora de parada (Siemens). [V] Parada mayor con rotor extraído: 20 días o más (ABB). [V] Caso ABB Chile: 52 h vs 23,5 h de inspección visual (–55 %)",https://library.e.abb.com/public/bbe88e6615f95e49c1257b20003b5c3b/INSURABILITY%20OF%20LARGE%20GEARLESS%20MILL%20DRIVES.pdf ; https://assets.new.siemens.com/siemens/assets/api/uuid:43bdd1aa8285cab50dcc8127a6e141b14e6dcc51/availability-and-reliability-gearless-drives.pdf ; https://library.e.abb.com/public/89c60b34032a46569035a62f23f95285/9AKK106713A3999_Air%20gap%20inspection_Service%20Note_EN_RevB_lowres.pdf ; https://tecnologiaminera.com/actualidad/la-importancia-de-una-inspeccion-visual-sin-remover-el-rotor-de-motores-y-generadores-1593573982,"ABB (Air Gap Inspector, sólo visual, ≥10 mm; patente US10712391 menciona GMD); OEM de GMD (ABB, Siemens) con servicio y monitoreo de entrehierro",OEM,"[V] Paper de aseguradora (Zurich) sobre asegurabilidad de GMD; [V] fallas documentadas (Collahuasi ~2006 'catastrófica', Cadia, desplazamiento de estator 2003); [V] ABB: 'con inspecciones regulares... el impacto de algunas fallas podría haberse reducido'; [V] ABB ofrece AGI en Chile; [SV] FM Global pide inspección interna cada 3-5 años",https://www.eand.com.au/2014/09/10/literature-review-gealess-motor-failures-a-mill-designers-viewpoint/ ; https://library.e.abb.com/public/9c87aa6aa2d41043c12577dc0056b6ae/Mills%20and%20GMDs.pdf ; https://patents.google.com/patent/US10712391B2/en ; https://portalinnova.cl/experto-de-abb-da-a-conocer-plataforma-basada-en-machine-learning-para-mantenimiento-predictivo-de-gearless-mill-drives-gmd/,Servicio de inspección por parada programada (contrato) o venta de equipo a contratistas eléctricos mineros,ABB presente en Chile con robot visual [V]; no se halló oferta robótica de ELCID/cuñas para motores grandes ni GMD en la región [E: ausencia de publicación],"Muy alto en física (misma máquina sincrónica, ELCID y cuñas = señales débiles); canal comercial distinto (minería, no generación)",5,4,4,4,4,21,"Chile y Perú tienen la mayor base instalada de GMD del mundo [V, ABB]. Entrehierro GMD Antapaccay máx. 8 mm (±1,6) [V, Siemens] → exige crawler ≤ 8 mm o acceso por otra vía: riesgo técnico a verificar. ELCID en GMD/motor de polos salientes: aplicabilidad a confirmar [E]."
O02,Crawler para interior de bus isofásico (IPB),Generación térmica/nuclear,Ducto de barras de fase aislada generador-transformador,Andamio a lo largo del ducto y entrada de personal por registros,[V] EPRI MTA-MA-029: proveedor ≈ USD 100.000 por implementación; ahorro < USD 1 M por sitio e inspección; reducción 10× en un caso; < 1 día. [V] Frecuencia típica cada 10 años (EPRI 3002023899),https://nuclearplantmod.epri.com/MTA-MA-029 ; https://restservice.epri.com/publicdownload/000000003002023899/0/Product,"Constellation Clearsight (crawler, caso 'emergent'), Trident NGS, Electrical Builders Inc., MS Energy (servicios de IPB)",Spin-off de utility (Clearsight) + contratistas eléctricos,[V] Ficha EPRI con payback inmediato y nivel de madurez 3 (implementado en nucleares); [F] caso Clearsight,https://nuclearplantmod.epri.com/MTA-MA-029 ; https://constellationclearsight.com/case-studies/emergent-isophase-bus-duct-inspection/,Servicio (ticket ~USD 100 k),No se halló proveedor regional [E],"Muy alto: mismo cliente, misma parada del generador, crawler compacto",3,5,4,5,4,21,Recurrencia decenal: negocio sólo como servicio complementario al de generador (misma movilización). Ver candidato A del informe previo.
O03,Inspección rotor-in de hidrogeneradores (visual + ELCID + cuñas) sin retirar polos ni rotor,Generación hidroeléctrica,"Hidrogenerador (polos salientes, gran diámetro)",Retiro de 2 a 4 polos del rotor o extracción del rotor con grúa de casa de máquinas,[SV] Retirar 2-4 polos para acceder al diámetro interior del estator (EECSS 2024). [E] Sin cifra de costo publicada para retiro de polos; el ahorro depende de la energía no generada y de la temporada hidrológica,https://avestia.com/EECSS2024_Proceedings/files/paper/EEE/EEE_104.pdf,"Iris Power RIV802 (entrehierro 35 mm, ELCID+SWA); ABB AGI (≥10 mm, visual); Hydro-Québec/IREQ (verificación de acuñado con sensor plano en entrehierro, I+D)","Independiente (Iris/Qualitrol), OEM (ABB), utility (IREQ)","[V] EPRI P220 desarrolló HGHAT (Hydrogenerator Health Assessment Tool) y 'Best practices to avoid problems during hydro rewinds'; [V] IREQ robot de acuñado (OSTI 515797, 536055)",https://irispower.com/wp-content/uploads/2023/07/EPRI-Generator-Research-Recent-In-Progress-and-Future-Planned-Moore-IRMC-2022.pdf ; https://www.osti.gov/etdeweb/biblio/515797 ; https://irispower.com/products/robotic-inspection-camera/,Servicio por parada + posible venta a utilities grandes con equipos propios,No se hallaron despliegues robóticos publicados en Itaipú/Eletrobras/Yacyretá (búsqueda en portugués y español) [E],"Muy alto: misma técnica que GRIS; canal de generación; Brasil 110 GW, Paraguay 8,8 GW, Colombia 13,2 GW, Chile 7,6 GW de hidro (IHA)",3,3,4,5,4,19,"Hidrogeneradores suelen tener entrehierros grandes y acceso humano parcial: hay que demostrar que la inspección actual exige retirar polos. Validar con Itaipú, Yacyretá, Salto Grande, Chocón. Capacidad hidro IHA: https://www.hydropower.org/region-profiles/south-america"
O04,"Inspección y reparación remota en reactores PHWR/CANDU (feeders, internos)",Nuclear,"Feeders CANDU (Embalse), internos de Atucha I/II",Desarme del reactor; exposición de personal a dosis,"[V] Atucha II: reparación remota con herramientas robóticas en 10 meses en lugar de ~4 años abriendo el reactor (gobierno/prensa). [F] Kinectrics FVIS: >100 mSv de dosis evitada, –75 % tiempo, –50 % camino crítico por cuadrante",https://www.rosario3.com/informaciongeneral/La-central-nuclear-Atucha-II-volvio-a-funcionar-tras-10-meses-en-los-que-permanecio-sin-generar-energia-20230829-0064.html ; https://www.kinectrics.com/files/brochures/IMSBrochure_NI020321.pdf,"Kinectrics (FVIS, GAIT), OPG (SAFIRE snake-arm), NA-SA/CNEA y proveedores nacionales (Atucha II)",Empresas de servicio nuclear + capacidad estatal argentina,[V] Reparación de Atucha II con 'sello nacional'; [V] EPRI 3002023899 catálogo de tareas nucleares con horas-hombre,https://www.argentina.gob.ar/noticias/atucha-ii-autoridades-de-energia-supervisaron-los-trabajos-de-reparacion ; https://www.osti.gov/etdeweb/biblio/22254410 ; https://restservice.epri.com/publicdownload/000000003002023899/0/Product,Proyecto a medida / servicio por parada,CNEA y NA-SA tienen capacidad propia; Kinectrics y Candu Energy para CANDU [E],Alto en mecánica de precisión y firmware; barrera de calificación nuclear,5,4,3,4,2,18,"Mercado chico (3 reactores en Argentina, 2 en Brasil, 2 en México) y de proyecto, no de producto repetible. Bueno como cliente ancla de I+D."
O05,Inspección de headers y tubos de HRSG desde el interior,Ciclos combinados,Caldera de recuperación (HRSG),Acceso destructivo (cortar tubos/headers) o andamiaje interno,[V] EPRI 1017635: ciertos tubos no se inspeccionan con END convencional sin acceso destructivo. [F] TesTex: un header completo en 3-4 turnos. Costo de parada: sin cifra [E],https://restservice.epri.com/publicdownload/000000000001017635/0/Product ; https://testex-ndt.com/products/iat-internal-access-tool-for-hrsg-inspections/,"TesTex (IAT, Claw), MISTRAS, Eddyfi, Waygate",Independiente de END,[V] Estudio EPRI de robot serpiente (2009); [F] despliegues de TesTex en múltiples utilities,https://restservice.epri.com/publicdownload/000000000001017635/0/Product ; https://testex-ndt.com/services/hrsg/,Servicio,Sin datos de presencia regional de TesTex [SV],"Alto: cliente de ciclo combinado (mismo canal), crawler compacto + corrientes inducidas (señal débil)",4,4,3,4,3,18,Candidato B del informe previo. Hay que identificar qué geometrías deja fuera el incumbente.
O06,Penstocks y túneles de aducción: inspección con medición de espesor sin vaciado,Generación hidroeléctrica,Tubería forzada / túnel / toma,"Vaciado del conducto, buzos o entrada de personal en espacio confinado","[F] Túnel 1,6 km + pozo 305 m en ~20 h, parada reducida a 2 días (Hibbard). [C/SV] Cifras de proveedores: USD 2-8 M por vaciado de embalse (no verificadas)",https://www.waterpowermagazine.com/analysis/underwater-operations/ ; ../source/registro-investigacion.md (lote 4),"Eddyfi/Inuktun VersaTrax (1 km), Deep Trekker, VideoRay, Hibbard Inshore, Flyability (dron en penstock seco), Maquintel (Chile, túneles)",Fabricantes de ROV/crawler + empresas de servicio,[V] USBR: túnel de Trinity demasiado peligroso para buzos; sin programa propio de ROV (proyecto 9612); [V] USBR S&T 22064 demostró vehículos remotos en 3 instalaciones; [V] EPRI TR-113584-V7,https://www.usbr.gov/research/projects/detail.cfm?id=9612 ; https://data.usbr.gov/catalog/7976 ; https://restservice.epri.com/publicdownload/000000000001007576/0/Product,Servicio (el hardware ya es comercial),"Media: Deep Trekker con canal en Chile, Maquintel en túneles mineros; sin oferta conocida de espesor UT en penstock en servicio [E]","Alto: cliente hidro, crawler, UT",4,4,3,4,3,18,"Candidato F del informe previo. El valor está en el paquete (localización sin GPS, UT en contacto, recuperación garantizada), no en otro ROV."
O07,Inspección interna sumergida de transformadores de potencia (sin vaciar aceite),Transmisión / generación,Transformador de potencia en aceite,"Drenaje, tratamiento y re-llenado de aceite + entrada de persona a espacio confinado",[V/F] Método tradicional 5 días 24 h vs 1 día con robot; costo de inspección –50 % (ABB en T&D World); Simcoa: 4 días de producción ahorrados,https://www.tdworld.com/test-and-measurement/article/20973023/oil-filled-power-transformers-time-for-robotic-inspection ; https://new.abb.com/news/detail/51406/how-are-abbs-swimming-robots-saving-time-and-money-for-simcoa-operations,"Hitachi Energy TXplore (ex ABB); I+D china (State Grid Tianjin 'pez robot', Shenyang Ligong)",OEM,[V] Desarrollado en proyecto colaborativo EPRI; caso NYPA Robert Moses Niagara (2020); premio de industria ABB,https://www.waterpowermagazine.com/news/mini-submersible-robot-successfully-inspects-nypa-power-transformer-7744420/ ; https://onlinelibrary.wiley.com/doi/10.1155/2023/6699265,Servicio (Hitachi Energy),No se hallaron despliegues publicados de TXplore en Brasil/Chile/México [E]; Hitachi tiene fábricas en Brasil,"Medio: mismo cliente utility/planta; física distinta (vehículo sumergido en dieléctrico, compatibilidad de materiales con aceite)",3,5,4,3,3,18,Incumbente único y OEM: competir exige licencia/IP propia. Revisar familia de patentes ABB/Hitachi antes de diseñar.
O08,"END in situ del rotor del generador (anillos de retención, cuñas de rotor) sin extraer rotor",Generación térmica,Anillos de retención y cuñas de ranura del rotor,Extracción del rotor y/o retiro de anillos de retención,[V] Rotor-out hasta USD 500 k (EPRI Journal); [E] retiro de anillos agrega días y riesgo,https://eprijournal.com/robotics-in-power-plants-getting-smaller-smarter/,"DEKRA (UT in situ), 3Angles NDT (AIRR UT+ECT), Siemens (patente US20140345384 robot de anillos), Siemens Energy (US10197538 cuñas de rotor in situ)",OEM + END independientes,[V] Patentes concedidas/publicadas de Siemens; [F] oferta comercial DEKRA y 3Angles,https://patents.google.com/patent/US20140345384 ; https://www.dekra.in/en/ultrasonic-testing-for-in-situ-generator-inspection/ ; https://3anglesndt.com/generator-retaining-rings/,Servicio,Sin datos [SV],"Alto: mismo cliente, mismo acceso; requiere UT phased array calificado",4,3,3,4,3,17,Módulo de extensión natural de GRIS más que producto independiente.
O09,Reparación in situ de cavitación en rodetes de turbinas hidráulicas (robot de soldadura portátil),Generación hidroeléctrica,"Rodete Francis/Kaplan, compuertas",Desmontaje del rodete y traslado a taller; soldadura manual en espacio confinado,[E] Sin cifra publicada hallada,,"Hydro-Québec SCOMPI (4 generaciones, 40 trabajos mayores; buscó socios de licencia)",Utility (IREQ),[V] 40 trabajos mayores de Hydro-Québec; aplicación evaluada en CANDU,https://www.renewableenergyworld.com/hydro-power/technology-equipment/hydro-quebec-seeks-partners-to-use-scompi-robot-in-hydro-turbin/ ; https://www.osti.gov/etdeweb/biblio/20521468,Servicio o licencia,No se halló [E],Medio: mecánica de precisión sí; proceso de soldadura robotizada es otra especialidad,4,4,4,3,2,17,Posible licencia/representación de SCOMPI en Sudamérica en lugar de desarrollo propio.
O10,Tuberías enterradas y no pigables (ILI robótica),Nuclear / gas / industria,Tubería enterrada sin lanzador,Excavación,[V] EPRI MTA-MA-017: ahorro > USD 1 M y < USD 5 M por utilización,https://nuclearplantmod.epri.com/MTA-MA-017,"Diakont, Pipetel/Intero (Explorer), Eddyfi, SIA, ROSEN, NDT Global",Independientes,[V] EPRI: comercialmente implementado; Explorer financiado por NETL/DOE,https://www.netl.doe.gov/node/3037 ; https://diakont.com/case-studies/nuclear-solutions/first-buried-piping-in-line-inspection/,Servicio,Proveedores ILI globales con presencia regional [E],Medio,4,5,2,3,2,16,Candidato D previo: maduro.
O11,Tanques de almacenamiento: inspección API 653 en servicio (sin vaciar),Oil & gas / terminales / utilities,Tanque atmosférico de hidrocarburos o agua,"Sacar de servicio, vaciar, limpiar, desgasificar y entrar","[F] Square Robot: USD 190 M de downtime evitado en 430+ tanques (≈ USD 440 k/tanque, cálculo propio [E]); 260.000 h de espacio confinado eliminadas",https://squarerobot.com/solutions/inspection-services,"Square Robot (SR-1/SR-3), Diakont, Newton Labs, Gecko",Startup,"[V] Serie B USD 13,5 M con Marathon Petroleum (2025); premio NIOSH 2026; certificación FM Clase I; pasó por incubadora EPRI",https://wbjournal.com/article/westborough-robotics-firm-raises-7-5m-capping-off-2025-expansion-efforts/ ; https://clickpetroleoegas.com.br/robo-entra-em-tanque-industrial-cheio-examina-o-fundo-sem-retirar-o-produto-e-mantem-trabalhadores-do-lado-de-fora-durante-a-inspecao-fcmo87,Servicio,Sin clientes latinoamericanos publicados de Square Robot [E]; Petrobras con desarrollos propios,Bajo-medio: cliente O&G fuera del canal; sumergible certificado para atmósfera explosiva,4,5,3,2,2,16,Hueco regional real pero el incumbente puede llegar con un socio local; mejor como representación que como desarrollo.
O12,Sellado interno de juntas en redes de gas de hierro fundido (tipo CISBOT),Distribución de gas,Red de gas de baja presión de hierro fundido,"Zanjeo, corte de servicio, restauración de calzada","[V] Con Edison: USD 400 k con robot vs USD 1,5-1,8 M tradicional; 18 días vs 45-50",https://en.wikipedia.org/wiki/CISBOT,ULC Technologies (CISBOT),Empresa de robótica (spin de servicio a utilities),"[V] 50.000 juntas; National Grid, Con Edison, SGN, Cadent; financiamiento NIA (Ofgem)",https://www.robotics247.com/article/ulc_technologies_cisbot_seals_50000_joints_live_gas_mains ; https://smarter.energynetworks.org/projects/nia_sgn0019/?alttemplate=peaprojectpdf,Servicio,Sin presencia conocida [E],Bajo: cliente distinto,4,5,4,1,2,16,"Debe verificarse cuánta red de hierro fundido queda en Buenos Aires, São Paulo o Ciudad de México antes de cualquier paso."
O13,Ductos superiores de condensadores enfriados por aire (ACC),Ciclos combinados / térmicas en zonas áridas,ACC: ducto de distribución de vapor,"Andamio, trabajo en altura y entrada a espacio confinado",[V] ACCUG: 'irreal' inspeccionar más de 1-2 ductos superiores por parada. [E] costo de andamio sin cifra,https://competitivepower.us/pub/pdfs/guidelines-for-internal-inspection-of-air-cooled-condensers-2015.pdf,"Flyability Elios 3 (DJM Aerial, ACC en UK) para visual; Conco (fugas desde afuera); EPRI cámara acústica en dron",Drones + servicio,[V] Guía ACCUG 2015; [F] caso Flyability ACC,https://www.flyability.com/casestudies/air-cooled-condenser-drone-inspection-with-the-elios-3 ; https://eprijournal.com/robotics-in-power-plants-getting-smaller-smarter/,Servicio,Flyability tiene distribuidores regionales [SV],Alto en canal; bajo en diferencial si sólo es visual,3,3,2,4,4,16,Baja respecto del informe previo (candidato H): el dron ya resuelve lo visual. Sólo vale con medición de espesor en contacto.
O14,Paredes de agua de calderas (UT con crawler magnético),Generación térmica / industria,Paredes de agua de caldera,Andamio interno del hogar y mediciones manuales puntuales,[SV] sin cifra independiente; ver informe previo lote 2,../source/registro-investigacion.md (lote 2),"Gecko Robotics, Waygate, ICM, Invert Robotics, Eddyfi",Startup (unicornio) + END,"[V] Gecko Serie D USD 125 M, valuación USD 1,25 B (2025); alianzas NAES, Sumitomo SHI FW, ADNOC",https://www.geckorobotics.com/news/gecko-reaches-unicorn-status,Servicio + plataforma de datos,Sin datos de Gecko en LatAm [SV],Medio,3,5,2,3,3,16,No perseguir: incumbente muy capitalizado.
O15,Vaults subterráneos de transmisión,Transmisión,Cámara con empalmes de cable energizado,Salida de servicio del circuito y entrada de personal,[V] EPRI 3002000878 / 3002032834 (objetivo: reducir salidas de servicio),https://transmission.epri.com/p36_underground/public/p36_applications/,"EPRI (prototipos), utilities",Instituto + utilities,[V] programa EPRI activo 2025-2027,https://transmission.epri.com/p36_underground/public/p36001_design_construction/research_updates/,Servicio,No se halló [E],Bajo-medio: cliente T&D,3,4,4,2,3,16,Candidato C previo.
O16,Inspección in situ de turbinas de vapor sin levantar carcasa,Generación térmica,"Turbina de vapor (vía de vapor, álabes LP)",Apertura de carcasa / izaje,[E] sin cifra verificada,,"Boroscopia por puertos (Waygate, Olympus/Evident); OEM",OEM + instrumentación,[SV] sin robot dedicado validado hallado,https://image-ppubs.uspto.gov/dirsearch-public/print/downloadPdf/6487922,Servicio,OEM [E],"Alto en canal (turbinas de vapor), bajo en factibilidad",4,2,3,4,2,15,Falta prueba de demanda: buscar en EPRI y en OEM antes de invertir.
O17,Inspección interna de compartimentos de GIS,Subestaciones,Aparamenta aislada en SF6,Desarme sucesivo de compartimentos; manejo de SF6,[V] Patente US8717742: inspeccionar por dentro exige cortar el suministro y evacuar el gas. [E] costo sin cifra,https://image-ppubs.uspto.gov/dirsearch-public/print/downloadPdf/8717742,I+D de State Grid (robot dentro de la cavidad GIS con adsorción),Utility china (I+D),[V] publicaciones (Complexity 2021; Industrial Robot 51(6)),https://onlinelibrary.wiley.com/doi/10.1155/2021/6691905 ; https://www.emerald.com/ir/article-abstract/51/6/908/1227344/An-automatic-robot-for-ultrasonic-partial,Servicio,No se halló [E],Medio: señales débiles (descargas parciales),3,2,5,3,2,15,"El robot igual exige desenergizar y evacuar SF6; el ahorro es evitar desarmes, no la parada."
O18,Contenedores de combustible gastado en seco,Nuclear,Canister de almacenamiento en seco,Izaje pesado / movimiento del canister,[V] EPRI 3002008234 (reducción de costo alta frente a izaje),https://eprijournal.com/wall-climbing-robots-inspect-nuclear-storage-casks/,"Robotic Technologies of Tennessee, EPRI",Pyme + instituto,[V] programa EPRI,https://eprijournal.com/wall-climbing-robots-inspect-nuclear-storage-casks/,Servicio,Sin datos,Medio,3,4,3,3,2,15,Candidato E previo: mercado chico y regulado.
O19,Molinos: relining robotizado y medición de revestimientos,Minería,Molino SAG/bolas (revestimientos),Relining manual dentro del molino,[V] MIRS: –40 % tiempo de relining. [SV] SAG grande USD 30-200 k/h,https://im-mining.com/2019/09/05/chiles-mirs-launches-world-first-emmr-robotic-mill-lining-innovation/ ; https://www.miningmagazine.com/technology/news/1263771/rethinking-value-relining,"MIRS (Chile), Russell Mineral Equipment, Metso/Outotec (MillMapper)",Empresa local + OEM,"[V] MIRS fundada con Codelco, Nippon Mining, KUKA; clientes BHP, Codelco, Anglo American",https://www.mining.com/robots-could-now-be-in-charge-of-mill-reline-process/,Venta + servicio,Alta (MIRS es chilena),Bajo,5,4,1,2,2,14,Ocupado localmente.
O20,Eólica: palas (interior/exterior) y mantenimiento robótico,Eólica,Pala de aerogenerador,"Acceso con cuerdas / plataforma, bajada de pala",[SV] sin cifra independiente,,"Aerones, Clobotics, TSR Wind, Sensoar, BladeBUG",Startups,"[V] Aerones USD 62 M (2025); clientes NextEra, GE, Vestas, Enel, Siemens Gamesa",https://aerones.com/aerones-secures-62m-in-oversubscribed-financing-round/,Servicio,Aerones opera en >30 países [F],Bajo,3,5,2,2,2,14,No perseguir.
O21,Condensadores de superficie e intercambiadores (ECT de tubos / inspección visual),Generación / industria,"Condensador, intercambiadores",Andamio en cajas de agua,[F] Surry (Dominion): >USD 200.000 por parada; de >7 días a 2 turnos con dron,https://www.flyability.com/casestudies/condenser-inspection,"Flyability, Eddyfi, Evident, Zetec, TCR",Instrumentación + drones,[F] casos nucleares de EE. UU.,https://www.flyability.com/news/exelon-clearsight-renewal,Servicio / venta de equipo,Alta [E],Medio,2,4,1,3,4,14,Maduro.
O22,Motores aeronáuticos: inspección on-wing con robots serpiente/blandos,Aeronáutica,Motor de avión,Desmontaje del motor del ala,[SV],,"GE Aerospace (OC Robotics, Sensiworm), Rolls-Royce (COBRA, SWARM)",OEM,[V] adquisición de OC Robotics por GE (2017),https://www.aerospacetestinginternational.com/news/technology/rolls-royce-demonstrates-robotic-engine-inspection-and-repair-tools.html,Interno OEM,OEM,Bajo (fuera de canal),5,5,1,1,1,13,Fuera de alcance.
O23,Tanques/vasos en FPSO y refinerías (inspección interna sin entrada),Oil & gas offshore,"Tanques de carga y lastre de FPSO, recipientes a presión",Entrada a espacio confinado con atmósfera peligrosa,[SV],,"Flyability (drones en P-66 de Petrobras), Waygate BIKE (acuerdo con PETRONAS), Petrobras (desarrollo propio), ANYbotics",Drones + OEM de END + operador,[V] Waygate-PETRONAS (2022); Petrobras usa drones en FPSO,https://droneshowla.com/drone-e-usado-para-inspecao-de-tanques-em-um-fpso-da-petrobras/ ; https://www.bakerhughes.com/waygate-technologies/news/waygate-technologies-and-petronas-sign-agreement-roll-out-codeveloped,Servicio,Media-alta en Brasil [E],Bajo,3,4,2,2,2,13,
O24,Líneas de transmisión: robots sobre conductor energizado,Transmisión,Conductor de línea aérea,Desenergizar la línea / helicóptero,[SV],,"Hydro-Québec (LineScout, LineRanger, vía MIR Innovation), HiBot, Nucleom (sensores)",Utility + licenciatarios,[V] LineScout en operación desde 2006,https://news.hydroquebec.com/news/press-releases/all-quebec/lineranger-robot-innovative-live-line-inspection-solution.html,Venta + servicio,Sin datos,Bajo,3,4,3,1,2,13,Fuera del canal de generación.
O25,Robots everting (vine) para conductos de planta,Transversal,Conductos ramificados,Desarme para llegar a zonas donde no pasa crawler ni boroscopio,[E],,"EPRI 3002032954 (estudio), Trellis Robotics, IvySpec, UCSB/Stanford",Startups / academia,[V] estudio de factibilidad EPRI,https://dx-wiki.epri.com/Generation_Reports,Por definir,Ninguna [E],Medio,2,2,4,3,2,13,"Es una tecnología, no un mercado (candidato G previo)."
O26,Inspección/reparación robótica in situ de turbinas de gas industriales,Generación térmica,Turbina de gas,Desarme para inspección mayor,[F] GE ofrece 'Rotor-In Major Inspection',https://www.gevernova.com/gas-power/services/gas-turbines/upgrades/rotor-major-inspection,"GE Vernova, Siemens Energy, Mitsubishi; en aeronáutica GE Sensiworm/OC Robotics, Rolls-Royce",OEM,[V] GE compró OC Robotics (2017),https://www.geaerospace.com/news/press-releases/services/ge-aerospace-service-operators-meet-your-mini-robot-inspector-companions,Servicio dentro de contratos LTSA,OEM con contratos de largo plazo [E],Bajo,4,4,1,2,1,12,Cerrado por los OEM.
